Nilai,Kurs Jual,Kurs Beli,Tanggal 
1,14266,14124,05-Jan-09
1,14302,14160,06-Jan-09
1,14346,14204,07-Jan-09
1,14416,14272,08-Jan-09
1,14302,14160,09-Jan-09
1,14274,14132,12-Jan-09
1,14168,14028,13-Jan-09
1,14096,13956,14-Jan-09
1,14104,13964,15-Jan-09
1,14080,13940,16-Jan-09
1,14071,13931,19-Jan-09
1,14056,13916,20-Jan-09
1,14081,13941,21-Jan-09
1,14043,13903,22-Jan-09
1,14033,13893,23-Jan-09
1,13983,13843,27-Jan-09
1,14046,13906,28-Jan-09
1,14019,13879,29-Jan-09
1,13995,13855,30-Jan-09
1,14040,13900,02-Feb-09
1,14155,14015,03-Feb-09
1,14159,14019,04-Feb-09
1,14223,14081,05-Feb-09
1,14200,14058,06-Feb-09
1,14218,14076,09-Feb-09
1,14219,14077,10-Feb-09
1,14177,14035,11-Feb-09
1,14231,14089,12-Feb-09
1,14211,14069,13-Feb-09
1,14188,14046,16-Feb-09
1,14212,14070,17-Feb-09
1,14251,14109,18-Feb-09
1,14245,14103,19-Feb-09
1,14209,14067,20-Feb-09
1,14236,14094,23-Feb-09
1,14187,14045,24-Feb-09
1,14307,14165,25-Feb-09
1,14342,14200,26-Feb-09
1,14406,14262,27-Feb-09
1,14418,14274,02-Mar-09
1,14376,14232,03-Mar-09
1,14341,14199,04-Mar-09
1,14305,14163,05-Mar-09
1,14329,14187,06-Mar-09
1,14302,14160,10-Mar-09
1,14457,14313,11-Mar-09
1,14489,14345,12-Mar-09
1,14452,14308,13-Mar-09
1,14432,14288,16-Mar-09
1,14523,14379,17-Mar-09
1,14586,14440,18-Mar-09
1,14560,14416,19-Mar-09
1,14534,14390,20-Mar-09
1,14550,14406,23-Mar-09
1,14541,14397,24-Mar-09
1,14530,14386,25-Mar-09
1,14520,14376,27-Mar-09
1,14516,14372,30-Mar-09
1,14434,14290,31-Mar-09
1,14419,14275,01-Apr-09
1,14410,14266,02-Apr-09
1,14377,14233,03-Apr-09
1,14381,14237,06-Apr-09
1,14380,14236,07-Apr-09
1,14353,14211,08-Apr-09
1,14316,14174,13-Apr-09
1,14286,14144,14-Apr-09
1,14259,14117,15-Apr-09
1,14259,14117,16-Apr-09
1,14225,14083,17-Apr-09
1,14183,14041,20-Apr-09
1,14150,14010,21-Apr-09
1,14126,13986,22-Apr-09
1,14086,13946,23-Apr-09
1,14136,13996,24-Apr-09
1,14137,13997,27-Apr-09
1,14224,14082,28-Apr-09
1,14227,14085,29-Apr-09
1,14226,14084,30-Apr-09
1,9768,9670,01-May-09
1,9613,9517,04-May-09
1,10171,10069,05-May-09
1,10198,10096,06-May-09
1,10427,10323,07-May-09
1,11552,11438,08-May-09
1,9693,9597,11-May-09
1,9662,9566,12-May-09
1,9636,9540,13-May-09
1,9507,9413,14-May-09
1,9357,9263,15-May-09
1,9236,9144,18-May-09
1,9115,9025,19-May-09
1,8502,8418,20-May-09
1,8672,8586,22-May-09
1,9058,8968,25-May-09
1,8974,8884,26-May-09
1,9021,8931,27-May-09
1,9133,9043,28-May-09
1,9179,9087,29-May-09
1,14221,14079,01-Jun-09
1,14216,14074,02-Jun-09
1,14229,14087,03-Jun-09
1,14253,14111,04-Jun-09
1,14308,14166,05-Jun-09
1,14302,14160,08-Jun-09
1,14315,14173,09-Jun-09
1,14326,14184,10-Jun-09
1,14273,14131,11-Jun-09
1,14242,14100,12-Jun-09
1,14294,14152,15-Jun-09
1,14228,14086,16-Jun-09
1,14173,14031,17-Jun-09
1,14302,14160,18-Jun-09
1,14299,14157,19-Jun-09
1,14313,14171,22-Jun-09
1,14382,14238,23-Jun-09
1,14324,14182,24-Jun-09
1,14340,14198,25-Jun-09
1,14322,14180,26-Jun-09
1,14396,14252,29-Jun-09
1,14294,14152,30-Jun-09
1,14200,14058,01-Jul-09
1,14217,14075,02-Jul-09
1,14220,14078,03-Jul-09
1,14182,14040,06-Jul-09
1,14132,13992,07-Jul-09
1,14074,13934,09-Jul-09
1,14060,13920,10-Jul-09
1,14077,13937,13-Jul-09
1,14149,14009,14-Jul-09
1,14127,13987,15-Jul-09
1,14125,13985,16-Jul-09
1,14190,14048,17-Jul-09
1,14177,14035,21-Jul-09
1,14187,14045,22-Jul-09
1,14163,14023,23-Jul-09
1,14097,13957,24-Jul-09
1,14158,14018,27-Jul-09
1,14065,13925,28-Jul-09
1,14062,13922,29-Jul-09
1,14048,13908,30-Jul-09
1,14017,13877,31-Jul-09
1,9091,9001,03-Aug-09
1,9395,9301,04-Aug-09
1,9758,9660,05-Aug-09
1,9939,9841,06-Aug-09
1,10084,9984,07-Aug-09
1,9753,9655,10-Aug-09
1,9764,9666,11-Aug-09
1,9686,9590,12-Aug-09
1,9628,9532,13-Aug-09
1,9515,9421,14-Aug-09
1,9030,8940,18-Aug-09
1,9085,8995,19-Aug-09
1,8595,8509,20-Aug-09
1,8565,8479,21-Aug-09
1,9083,8993,24-Aug-09
1,9060,8970,25-Aug-09
1,8973,8883,26-Aug-09
1,9030,8940,27-Aug-09
1,9059,8969,28-Aug-09
1,9447,9353,31-Aug-09
1,14046,13906,01-Sep-09
1,14048,13908,02-Sep-09
1,14142,14002,03-Sep-09
1,14183,14041,04-Sep-09
1,14168,14028,07-Sep-09
1,14108,13968,08-Sep-09
1,14234,14092,09-Sep-09
1,14212,14070,10-Sep-09
1,14259,14117,11-Sep-09
1,14292,14150,14-Sep-09
1,14283,14141,15-Sep-09
1,14253,14111,16-Sep-09
1,14229,14087,17-Sep-09
1,14225,14083,24-Sep-09
1,14154,14014,25-Sep-09
1,14122,13982,28-Sep-09
1,14146,14006,29-Sep-09
1,14163,14023,30-Sep-09
1,9752,9654,01-Oct-09
1,8617,8531,02-Oct-09
1,10000,9900,05-Oct-09
1,10427,10323,06-Oct-09
1,10913,10805,07-Oct-09
1,12093,11973,08-Oct-09
1,11277,11165,09-Oct-09
1,9638,9542,12-Oct-09
1,9524,9430,13-Oct-09
1,9520,9426,14-Oct-09
1,9264,9172,15-Oct-09
1,9239,9147,16-Oct-09
1,8937,8849,19-Oct-09
1,8605,8519,20-Oct-09
1,8604,8518,21-Oct-09
1,8753,8665,22-Oct-09
1,9020,8930,23-Oct-09
1,8997,8907,26-Oct-09
1,9001,8911,27-Oct-09
1,9206,9114,28-Oct-09
1,9068,8978,29-Oct-09
1,9231,9139,30-Oct-09
1,8849,8761,02-Nov-09
1,9221,9129,03-Nov-09
1,9339,9247,04-Nov-09
1,10026,9926,05-Nov-09
1,10276,10174,06-Nov-09
1,11360,11246,09-Nov-09
1,9746,9650,10-Nov-09
1,9661,9565,11-Nov-09
1,9633,9537,12-Nov-09
1,9563,9467,13-Nov-09
1,9234,9142,16-Nov-09
1,9040,8950,17-Nov-09
1,9113,9023,18-Nov-09
1,9020,8930,19-Nov-09
1,8582,8496,20-Nov-09
1,8902,8814,23-Nov-09
1,9036,8946,24-Nov-09
1,8982,8892,25-Nov-09
1,8972,8882,26-Nov-09
1,9435,9341,30-Nov-09
1,9805,9707,01-Dec-09
1,9000,8910,02-Dec-09
1,9082,8992,03-Dec-09
1,9554,9458,04-Dec-09
1,10314,10212,07-Dec-09
1,11437,11323,08-Dec-09
1,11925,11807,09-Dec-09
1,9753,9655,10-Dec-09
1,9718,9622,11-Dec-09
1,9540,9446,14-Dec-09
1,9510,9416,15-Dec-09
1,9224,9132,16-Dec-09
1,9209,9117,17-Dec-09
1,8644,8558,21-Dec-09
1,8597,8511,22-Dec-09
1,8828,8740,23-Dec-09
1,9093,9003,28-Dec-09
1,9385,9291,29-Dec-09
1,9418,9324,30-Dec-09
1,9532,9438,31-Dec-09
1,14191,14049,04-Jan-10
1,14101,13961,05-Jan-10
1,14176,14034,06-Jan-10
1,14422,14278,07-Jan-10
1,14546,14402,08-Jan-10
1,14537,14393,11-Jan-10
1,14553,14409,12-Jan-10
1,14615,14469,13-Jan-10
1,14636,14490,14-Jan-10
1,14675,14529,15-Jan-10
1,14552,14408,18-Jan-10
1,14571,14427,19-Jan-10
1,14452,14308,20-Jan-10
1,14596,14450,21-Jan-10
1,14690,14544,22-Jan-10
1,14611,14465,25-Jan-10
1,14609,14463,26-Jan-10
1,14650,14504,27-Jan-10
1,14686,14540,28-Jan-10
1,14590,14444,29-Jan-10
1,14612,14466,01-Feb-10
1,14580,14434,02-Feb-10
1,14455,14311,03-Feb-10
1,14364,14222,04-Feb-10
1,14323,14181,05-Feb-10
1,14411,14267,08-Feb-10
1,14480,14336,09-Feb-10
1,14608,14462,10-Feb-10
1,14577,14431,11-Feb-10
1,14624,14478,12-Feb-10
1,14625,14479,15-Feb-10
1,14665,14519,16-Feb-10
1,14691,14545,17-Feb-10
1,14659,14513,18-Feb-10
1,14667,14521,19-Feb-10
1,14838,14690,22-Feb-10
1,14829,14681,23-Feb-10
1,14969,14821,24-Feb-10
1,14821,14673,25-Feb-10
1,14705,14559,01-Mar-10
1,14724,14578,02-Mar-10
1,14838,14690,03-Mar-10
1,14965,14817,04-Mar-10
1,15047,14897,05-Mar-10
1,15164,15014,08-Mar-10
1,15271,15119,09-Mar-10
1,15303,15151,10-Mar-10
1,15313,15161,11-Mar-10
1,15294,15142,12-Mar-10
1,15283,15131,15-Mar-10
1,15286,15134,17-Mar-10
1,15269,15117,18-Mar-10
1,15284,15132,19-Mar-10
1,15268,15116,22-Mar-10
1,15297,15145,23-Mar-10
1,15263,15111,24-Mar-10
1,15254,15102,25-Mar-10
1,15282,15130,26-Mar-10
1,15322,15170,29-Mar-10
1,15270,15118,30-Mar-10
1,15329,15177,31-Mar-10
1,15291,15139,01-Apr-10
1,15309,15157,05-Apr-10
1,15269,15117,06-Apr-10
1,15258,15106,07-Apr-10
1,15209,15057,08-Apr-10
1,15163,15013,09-Apr-10
1,15063,14913,12-Apr-10
1,14980,14830,13-Apr-10
1,15004,14854,14-Apr-10
1,14994,14844,15-Apr-10
1,15013,14863,16-Apr-10
1,14967,14819,19-Apr-10
1,14939,14791,20-Apr-10
1,14898,14750,21-Apr-10
1,14913,14765,22-Apr-10
1,14970,14822,23-Apr-10
1,14983,14833,26-Apr-10
1,14933,14785,27-Apr-10
1,14909,14761,28-Apr-10
1,14868,14720,29-Apr-10
1,14937,14789,30-Apr-10
1,9182,9090,03-May-10
1,9470,9376,04-May-10
1,10110,10010,05-May-10
1,10251,10149,06-May-10
1,10412,10308,07-May-10
1,9706,9610,10-May-10
1,9693,9597,11-May-10
1,9663,9567,12-May-10
1,9490,9396,14-May-10
1,9115,9025,17-May-10
1,9234,9142,18-May-10
1,9100,9010,19-May-10
1,8523,8439,20-May-10
1,8574,8488,21-May-10
1,9090,9000,24-May-10
1,9078,8988,25-May-10
1,8968,8878,26-May-10
1,9019,8929,27-May-10
1,9495,9401,31-May-10
1,14909,14761,01-Jun-10
1,14958,14810,02-Jun-10
1,14965,14817,03-Jun-10
1,15002,14852,04-Jun-10
1,14914,14766,07-Jun-10
1,14841,14693,08-Jun-10
1,14785,14637,09-Jun-10
1,14728,14582,10-Jun-10
1,14716,14570,11-Jun-10
1,14687,14541,14-Jun-10
1,14683,14537,15-Jun-10
1,14728,14582,16-Jun-10
1,14693,14547,17-Jun-10
1,14641,14495,18-Jun-10
1,14651,14505,21-Jun-10
1,14692,14546,22-Jun-10
1,14694,14548,23-Jun-10
1,14698,14552,24-Jun-10
1,14656,14510,25-Jun-10
1,14509,14365,28-Jun-10
1,14494,14350,29-Jun-10
1,14511,14367,30-Jun-10
1,14557,14413,01-Jul-10
1,14553,14409,02-Jul-10
1,14576,14430,05-Jul-10
1,14518,14374,06-Jul-10
1,14514,14370,07-Jul-10
1,14485,14341,08-Jul-10
1,14481,14337,09-Jul-10
1,14555,14411,12-Jul-10
1,14515,14371,13-Jul-10
1,14588,14442,14-Jul-10
1,14614,14468,15-Jul-10
1,14526,14382,16-Jul-10
1,14593,14447,19-Jul-10
1,14490,14346,20-Jul-10
1,14478,14334,21-Jul-10
1,14463,14319,22-Jul-10
1,14468,14324,23-Jul-10
1,14430,14286,26-Jul-10
1,14507,14363,27-Jul-10
1,14463,14319,28-Jul-10
1,14398,14254,29-Jul-10
1,14404,14260,30-Jul-10
1,8884,8796,02-Aug-10
1,9063,8973,03-Aug-10
1,9462,9368,04-Aug-10
1,9692,9596,05-Aug-10
1,9970,9870,06-Aug-10
1,12010,11890,09-Aug-10
1,9726,9630,10-Aug-10
1,9789,9691,11-Aug-10
1,9685,9589,12-Aug-10
1,9608,9512,13-Aug-10
1,9236,9144,16-Aug-10
1,9025,8935,18-Aug-10
1,9130,9040,19-Aug-10
1,8601,8515,20-Aug-10
1,8754,8666,23-Aug-10
1,9097,9007,24-Aug-10
1,9056,8966,25-Aug-10
1,8983,8893,26-Aug-10
1,9025,8935,27-Aug-10
1,9338,9246,30-Aug-10
1,9480,9386,31-Aug-10
1,14481,14337,01-Sep-10
1,14459,14315,02-Sep-10
1,14415,14271,03-Sep-10
1,14490,14346,06-Sep-10
1,14403,14259,07-Sep-10
1,14476,14332,08-Sep-10
1,14342,14200,14-Sep-10
1,14234,14092,15-Sep-10
1,14234,14092,16-Sep-10
1,14176,14034,17-Sep-10
1,14173,14031,20-Sep-10
1,14160,14020,21-Sep-10
1,13972,13832,22-Sep-10
1,13972,13832,23-Sep-10
1,13972,13832,24-Sep-10
1,13937,13799,27-Sep-10
1,13944,13806,28-Sep-10
1,13956,13818,29-Sep-10
1,13941,13803,30-Sep-10
1,9746,9650,01-Oct-10
1,9510,9416,04-Oct-10
1,9990,9890,05-Oct-10
1,10319,10217,06-Oct-10
1,10894,10786,07-Oct-10
1,12080,11960,08-Oct-10
1,9651,9555,11-Oct-10
1,9633,9537,12-Oct-10
1,9530,9436,13-Oct-10
1,9510,9416,14-Oct-10
1,9242,9150,15-Oct-10
1,9161,9069,18-Oct-10
1,8879,8791,19-Oct-10
1,8592,8506,20-Oct-10
1,8578,8492,21-Oct-10
1,8759,8671,22-Oct-10
1,8950,8860,25-Oct-10
1,8996,8906,26-Oct-10
1,8990,8900,27-Oct-10
1,9225,9133,28-Oct-10
1,9058,8968,29-Oct-10
1,9777,9679,01-Nov-10
1,8816,8728,02-Nov-10
1,9229,9137,03-Nov-10
1,9427,9333,04-Nov-10
1,10078,9978,05-Nov-10
1,12040,11920,08-Nov-10
1,11267,11155,09-Nov-10
1,9738,9642,10-Nov-10
1,9653,9557,11-Nov-10
1,9641,9545,12-Nov-10
1,9266,9174,15-Nov-10
1,9227,9135,16-Nov-10
1,9206,9114,18-Nov-10
1,8939,8851,19-Nov-10
1,8684,8598,22-Nov-10
1,8921,8833,23-Nov-10
1,9023,8933,24-Nov-10
1,9004,8914,25-Nov-10
1,8967,8877,26-Nov-10
1,9339,9247,29-Nov-10
1,9366,9272,30-Nov-10
1,9802,9704,01-Dec-10
1,9013,8923,02-Dec-10
1,9090,9000,03-Dec-10
1,10115,10015,06-Dec-10
1,11402,11288,08-Dec-10
1,11909,11791,09-Dec-10
1,9762,9664,10-Dec-10
1,9621,9525,13-Dec-10
1,9525,9431,14-Dec-10
1,9510,9416,15-Dec-10
1,9219,9127,16-Dec-10
1,9176,9084,17-Dec-10
1,8588,8502,20-Dec-10
1,8643,8557,21-Dec-10
1,8594,8508,22-Dec-10
1,8818,8730,23-Dec-10
1,9057,8967,27-Dec-10
1,9092,9002,28-Dec-10
1,9420,9326,29-Dec-10
1,9407,9313,30-Dec-10
1,9527,9433,31-Dec-10
1,14021,13881,03-Jan-11
1,14102,13962,04-Jan-11
1,14135,13995,05-Jan-11
1,14237,14095,06-Jan-11
1,14276,14134,07-Jan-11
1,14263,14121,10-Jan-11
1,14249,14107,11-Jan-11
1,14247,14105,12-Jan-11
1,14178,14036,13-Jan-11
1,14144,14004,14-Jan-11
1,14164,14024,17-Jan-11
1,14090,13950,18-Jan-11
1,14046,13906,19-Jan-11
1,14118,13978,20-Jan-11
1,14144,14004,21-Jan-11
1,14106,13966,24-Jan-11
1,14026,13886,25-Jan-11
1,14013,13873,26-Jan-11
1,14035,13895,27-Jan-11
1,14006,13866,28-Jan-11
1,13946,13808,31-Jan-11
1,13948,13810,01-Feb-11
1,14000,13860,02-Feb-11
1,13957,13819,04-Feb-11
1,13970,13830,07-Feb-11
1,13963,13825,08-Feb-11
1,13873,13735,09-Feb-11
1,13847,13709,10-Feb-11
1,13839,13701,11-Feb-11
1,13839,13701,14-Feb-11
1,13835,13697,16-Feb-11
1,13822,13684,17-Feb-11
1,13832,13694,18-Feb-11
1,13816,13678,21-Feb-11
1,13828,13690,22-Feb-11
1,13840,13702,23-Feb-11
1,13840,13702,24-Feb-11
1,13836,13698,25-Feb-11
1,13829,13691,28-Feb-11
1,13834,13696,01-Mar-11
1,13819,13681,02-Mar-11
1,13825,13687,03-Mar-11
1,13814,13676,04-Mar-11
1,13777,13639,07-Mar-11
1,13845,13707,08-Mar-11
1,13849,13711,09-Mar-11
1,13806,13668,10-Mar-11
1,13828,13690,11-Mar-11
1,13830,13692,14-Mar-11
1,13834,13696,15-Mar-11
1,13834,13696,16-Mar-11
1,13817,13679,17-Mar-11
1,13808,13670,18-Mar-11
1,13826,13688,21-Mar-11
1,13837,13699,22-Mar-11
1,13863,13725,23-Mar-11
1,13843,13705,24-Mar-11
1,13832,13694,25-Mar-11
1,13819,13681,28-Mar-11
1,13809,13671,29-Mar-11
1,13815,13677,30-Mar-11
1,13862,13724,31-Mar-11
1,13776,13638,01-Apr-11
1,13718,13582,04-Apr-11
1,13727,13591,05-Apr-11
1,13738,13602,06-Apr-11
1,13733,13597,07-Apr-11
1,13650,13514,08-Apr-11
1,13641,13505,11-Apr-11
1,13609,13473,12-Apr-11
1,13638,13502,13-Apr-11
1,13725,13589,14-Apr-11
1,13712,13576,15-Apr-11
1,13677,13541,18-Apr-11
1,13711,13575,19-Apr-11
1,13670,13534,20-Apr-11
1,13601,13465,21-Apr-11
1,13646,13510,25-Apr-11
1,13565,13431,26-Apr-11
1,13495,13361,27-Apr-11
1,13469,13335,28-Apr-11
1,13480,13346,29-Apr-11
1,8970,8880,02-May-11
1,9184,9092,03-May-11
1,9535,9441,04-May-11
1,10151,10049,05-May-11
1,10291,10189,06-May-11
1,11743,11627,09-May-11
1,9733,9637,10-May-11
1,9691,9595,11-May-11
1,9663,9567,12-May-11
1,9626,9530,13-May-11
1,9206,9114,18-May-11
1,9085,8995,19-May-11
1,8551,8465,20-May-11
1,8868,8780,23-May-11
1,9133,9043,24-May-11
1,9011,8921,25-May-11
1,8966,8876,26-May-11
1,9023,8933,27-May-11
1,9417,9323,30-May-11
1,9502,9408,31-May-11
1,13465,13331,01-Jun-11
1,13394,13260,03-Jun-11
1,13370,13236,06-Jun-11
1,13356,13224,07-Jun-11
1,13388,13254,08-Jun-11
1,13385,13251,09-Jun-11
1,13401,13267,10-Jun-11
1,13398,13264,13-Jun-11
1,13432,13298,14-Jun-11
1,13390,13256,15-Jun-11
1,13400,13266,16-Jun-11
1,13397,13263,17-Jun-11
1,13429,13295,20-Jun-11
1,13494,13360,21-Jun-11
1,13516,13382,22-Jun-11
1,13495,13361,23-Jun-11
1,13464,13330,24-Jun-11
1,13472,13338,27-Jun-11
1,13541,13407,28-Jun-11
1,13565,13431,30-Jun-11
1,13610,13474,01-Jul-11
1,13616,13480,04-Jul-11
1,13616,13480,05-Jul-11
1,13628,13492,06-Jul-11
1,13630,13494,07-Jul-11
1,13626,13490,08-Jul-11
1,13613,13477,11-Jul-11
1,13647,13511,12-Jul-11
1,13655,13519,13-Jul-11
1,13652,13516,14-Jul-11
1,13641,13505,15-Jul-11
1,13633,13497,18-Jul-11
1,13657,13521,19-Jul-11
1,13618,13482,20-Jul-11
1,13614,13478,21-Jul-11
1,13624,13488,22-Jul-11
1,13620,13484,25-Jul-11
1,13592,13456,26-Jul-11
1,13583,13447,27-Jul-11
1,13595,13459,28-Jul-11
1,13582,13446,29-Jul-11
1,9772,9674,01-Aug-11
1,8899,8811,02-Aug-11
1,9049,8959,03-Aug-11
1,9450,9356,04-Aug-11
1,9628,9532,05-Aug-11
1,10804,10696,08-Aug-11
1,12048,11928,09-Aug-11
1,9715,9619,10-Aug-11
1,9789,9691,11-Aug-11
1,9683,9587,12-Aug-11
1,9515,9421,15-Aug-11
1,9240,9148,16-Aug-11
1,9040,8950,18-Aug-11
1,9128,9038,19-Aug-11
1,8596,8510,22-Aug-11
1,8795,8707,23-Aug-11
1,9104,9014,24-Aug-11
1,9065,8975,25-Aug-11
1,8973,8883,26-Aug-11
1,13583,13447,05-Sep-11
1,13595,13459,06-Sep-11
1,13579,13443,07-Sep-11
1,13574,13438,08-Sep-11
1,13571,13435,09-Sep-11
1,13591,13455,12-Sep-11
1,13612,13476,13-Sep-11
1,13597,13461,14-Sep-11
1,13585,13449,15-Sep-11
1,13606,13470,16-Sep-11
1,13607,13471,19-Sep-11
1,13610,13474,20-Sep-11
1,13623,13487,21-Sep-11
1,13582,13446,22-Sep-11
1,13582,13446,23-Sep-11
1,13592,13456,26-Sep-11
1,13572,13436,27-Sep-11
1,13597,13461,28-Sep-11
1,13568,13432,29-Sep-11
1,13630,13494,30-Sep-11
1,9311,9219,03-Oct-11
1,9623,9527,04-Oct-11
1,9995,9895,05-Oct-11
1,10301,10199,06-Oct-11
1,10884,10776,07-Oct-11
1,9728,9632,10-Oct-11
1,9666,9570,11-Oct-11
1,9638,9542,12-Oct-11
1,9522,9428,13-Oct-11
1,9485,9391,14-Oct-11
1,9033,8943,17-Oct-11
1,9133,9043,18-Oct-11
1,8872,8784,19-Oct-11
1,8565,8479,20-Oct-11
1,8587,8501,21-Oct-11
1,9086,8996,24-Oct-11
1,8958,8868,25-Oct-11
1,9003,8913,26-Oct-11
1,8986,8896,27-Oct-11
1,9230,9138,28-Oct-11
1,9507,9413,31-Oct-11
1,9792,9694,01-Nov-11
1,8803,8715,02-Nov-11
1,9231,9139,03-Nov-11
1,9492,9398,04-Nov-11
1,10467,10363,07-Nov-11
1,12050,11930,08-Nov-11
1,11291,11179,09-Nov-11
1,9728,9632,10-Nov-11
1,9653,9557,11-Nov-11
1,9448,9354,14-Nov-11
1,9226,9134,15-Nov-11
1,9219,9127,16-Nov-11
1,9085,8995,17-Nov-11
1,9211,9119,18-Nov-11
1,8583,8497,21-Nov-11
1,8699,8613,22-Nov-11
1,8949,8859,23-Nov-11
1,9059,8969,24-Nov-11
1,9003,8913,25-Nov-11
1,9095,9005,28-Nov-11
1,9251,9159,29-Nov-11
1,9321,9229,30-Nov-11
1,9798,9700,01-Dec-11
1,8970,8880,02-Dec-11
1,9984,9884,05-Dec-11
1,10100,10000,06-Dec-11
1,10392,10288,07-Dec-11
1,11454,11340,08-Dec-11
1,11834,11716,09-Dec-11
1,9676,9580,12-Dec-11
1,9631,9535,13-Dec-11
1,9517,9423,14-Dec-11
1,9380,9286,15-Dec-11
1,9220,9128,16-Dec-11
1,9216,9124,19-Dec-11
1,8573,8487,20-Dec-11
1,8646,8560,21-Dec-11
1,8617,8531,22-Dec-11
1,8828,8740,23-Dec-11
1,9053,8963,27-Dec-11
1,9093,9003,28-Dec-11
1,9382,9288,29-Dec-11
1,9397,9303,30-Dec-11
1,13660,13524,02-Jan-12
1,13640,13504,03-Jan-12
1,13648,13512,04-Jan-12
1,13698,13562,05-Jan-12
1,13628,13492,06-Jan-12
1,13638,13502,09-Jan-12
1,13597,13461,10-Jan-12
1,13603,13467,11-Jan-12
1,13585,13449,12-Jan-12
1,13589,13453,13-Jan-12
1,13582,13446,16-Jan-12
1,13557,13423,17-Jan-12
1,13550,13416,18-Jan-12
1,13576,13440,19-Jan-12
1,13589,13453,20-Jan-12
1,13577,13441,24-Jan-12
1,13558,13424,25-Jan-12
1,13572,13436,26-Jan-12
1,13552,13418,27-Jan-12
1,13550,13416,30-Jan-12
1,13556,13422,31-Jan-12
1,13650,13514,01-Feb-12
1,13566,13432,02-Feb-12
1,13559,13425,03-Feb-12
1,13531,13397,06-Feb-12
1,13451,13317,07-Feb-12
1,13415,13281,08-Feb-12
1,13372,13238,09-Feb-12
1,13392,13258,10-Feb-12
1,13336,13204,13-Feb-12
1,13324,13192,14-Feb-12
1,13304,13172,15-Feb-12
1,13327,13195,16-Feb-12
1,13305,13173,17-Feb-12
1,13275,13143,20-Feb-12
1,13252,13120,21-Feb-12
1,13220,13088,22-Feb-12
1,13350,13218,23-Feb-12
1,13398,13264,24-Feb-12
1,13404,13270,27-Feb-12
1,13403,13269,28-Feb-12
1,13412,13278,29-Feb-12
1,13418,13284,01-Mar-12
1,13410,13276,02-Mar-12
1,13415,13281,05-Mar-12
1,13405,13271,06-Mar-12
1,13415,13281,07-Mar-12
1,13421,13287,08-Mar-12
1,13409,13275,09-Mar-12
1,13405,13271,12-Mar-12
1,13422,13288,13-Mar-12
1,13435,13301,14-Mar-12
1,13441,13307,15-Mar-12
1,13411,13277,16-Mar-12
1,13411,13277,19-Mar-12
1,13437,13303,20-Mar-12
1,13405,13271,21-Mar-12
1,13391,13257,22-Mar-12
1,13386,13252,26-Mar-12
1,13386,13252,27-Mar-12
1,13391,13257,28-Mar-12
1,13397,13263,29-Mar-12
1,13398,13264,30-Mar-12
1,13385,13251,02-Apr-12
1,13390,13256,03-Apr-12
1,13393,13259,04-Apr-12
1,13382,13248,05-Apr-12
1,13401,13267,09-Apr-12
1,13387,13253,10-Apr-12
1,13386,13252,11-Apr-12
1,13390,13256,12-Apr-12
1,13387,13253,13-Apr-12
1,13371,13237,16-Apr-12
1,13381,13247,17-Apr-12
1,13380,13246,18-Apr-12
1,13414,13280,19-Apr-12
1,13409,13275,20-Apr-12
1,13435,13301,23-Apr-12
1,13454,13320,24-Apr-12
1,13475,13341,25-Apr-12
1,13464,13330,26-Apr-12
1,13431,13297,27-Apr-12
1,13416,13282,30-Apr-12
1,9774,9676,01-May-12
1,9020,8930,02-May-12
1,9166,9074,03-May-12
1,9527,9433,04-May-12
1,10532,10428,07-May-12
1,11588,11472,08-May-12
1,11778,11660,09-May-12
1,9774,9676,10-May-12
1,9693,9597,11-May-12
1,9485,9391,14-May-12
1,9326,9234,15-May-12
1,9205,9113,16-May-12
1,8561,8475,21-May-12
1,8700,8614,22-May-12
1,8856,8768,23-May-12
1,9071,8981,24-May-12
1,9003,8913,25-May-12
1,9105,9015,28-May-12
1,9191,9099,29-May-12
1,9442,9348,30-May-12
1,9483,9389,31-May-12
1,13453,13319,01-Jun-12
1,13392,13258,04-Jun-12
1,13386,13252,05-Jun-12
1,13386,13252,06-Jun-12
1,13368,13234,07-Jun-12
1,13363,13231,08-Jun-12
1,13352,13220,11-Jun-12
1,13364,13232,12-Jun-12
1,13348,13216,13-Jun-12
1,13352,13220,14-Jun-12
1,13360,13228,15-Jun-12
1,13358,13226,18-Jun-12
1,13358,13226,19-Jun-12
1,13383,13249,20-Jun-12
1,13374,13240,21-Jun-12
1,13351,13219,22-Jun-12
1,13353,13221,25-Jun-12
1,13378,13244,26-Jun-12
1,13388,13254,27-Jun-12
1,13403,13269,28-Jun-12
1,13379,13245,29-Jun-12
1,13361,13229,02-Jul-12
1,13383,13249,03-Jul-12
1,13362,13230,04-Jul-12
1,13363,13231,05-Jul-12
1,13477,13343,06-Jul-12
1,13410,13276,09-Jul-12
1,13373,13239,10-Jul-12
1,13364,13232,11-Jul-12
1,13386,13252,12-Jul-12
1,13407,13273,13-Jul-12
1,13422,13288,16-Jul-12
1,13384,13250,17-Jul-12
1,13391,13257,18-Jul-12
1,13406,13272,19-Jul-12
1,13397,13263,20-Jul-12
1,13363,13231,23-Jul-12
1,13383,13249,24-Jul-12
1,13394,13260,25-Jul-12
1,13365,13233,26-Jul-12
1,13344,13212,27-Jul-12
1,13362,13230,30-Jul-12
1,13387,13253,31-Jul-12
1,9759,9661,01-Aug-12
1,8904,8816,02-Aug-12
1,9054,8964,03-Aug-12
1,10040,9940,06-Aug-12
1,10126,10026,07-Aug-12
1,10754,10646,08-Aug-12
1,12035,11915,09-Aug-12
1,9732,9636,10-Aug-12
1,9606,9510,13-Aug-12
1,9532,9438,14-Aug-12
1,9502,9408,15-Aug-12
1,9239,9147,16-Aug-12
1,8817,8729,23-Aug-12
1,9120,9030,24-Aug-12
1,9018,8928,27-Aug-12
1,9085,8995,28-Aug-12
1,9341,9249,29-Aug-12
1,9405,9311,30-Aug-12
1,9492,9398,31-Aug-12
1,13395,13261,03-Sep-12
1,13365,13233,04-Sep-12
1,13365,13233,05-Sep-12
1,13321,13189,06-Sep-12
1,13330,13198,07-Sep-12
1,13364,13232,10-Sep-12
1,13348,13216,11-Sep-12
1,13390,13256,12-Sep-12
1,13408,13274,13-Sep-12
1,13394,13260,14-Sep-12
1,13396,13262,17-Sep-12
1,13393,13259,18-Sep-12
1,13391,13257,19-Sep-12
1,13388,13254,20-Sep-12
1,13383,13249,21-Sep-12
1,13390,13256,24-Sep-12
1,13381,13247,25-Sep-12
1,13396,13262,26-Sep-12
1,13399,13265,27-Sep-12
1,13402,13268,28-Sep-12
1,9736,9640,01-Oct-12
1,8616,8530,02-Oct-12
1,9323,9231,03-Oct-12
1,9694,9598,04-Oct-12
1,9970,9870,05-Oct-12
1,12083,11963,08-Oct-12
1,11176,11064,09-Oct-12
1,9733,9637,10-Oct-12
1,9676,9580,11-Oct-12
1,9631,9535,12-Oct-12
1,9239,9147,15-Oct-12
1,9239,9147,16-Oct-12
1,9043,8953,17-Oct-12
1,9080,8990,18-Oct-12
1,8934,8846,19-Oct-12
1,8756,8668,22-Oct-12
1,9075,8985,23-Oct-12
1,9090,9000,24-Oct-12
1,8942,8854,25-Oct-12
1,9046,8956,29-Oct-12
1,9176,9084,30-Oct-12
1,9545,9451,31-Oct-12
1,9775,9677,01-Nov-12
1,8774,8686,02-Nov-12
1,10140,10040,05-Nov-12
1,10286,10184,06-Nov-12
1,10412,10308,07-Nov-12
1,12040,11920,08-Nov-12
1,11286,11174,09-Nov-12
1,9653,9557,12-Nov-12
1,9552,9456,13-Nov-12
1,9527,9433,14-Nov-12
1,8978,8888,19-Nov-12
1,8583,8497,20-Nov-12
1,8580,8494,21-Nov-12
1,8697,8611,22-Nov-12
1,8966,8876,23-Nov-12
1,8992,8902,26-Nov-12
1,9035,8945,27-Nov-12
1,9088,8998,28-Nov-12
1,9098,9008,29-Nov-12
1,9271,9179,30-Nov-12
1,9100,9010,03-Dec-12
1,9653,9557,04-Dec-12
1,9975,9875,05-Dec-12
1,10231,10129,06-Dec-12
1,10432,10328,07-Dec-12
1,9728,9632,10-Dec-12
1,9733,9637,11-Dec-12
1,9676,9580,12-Dec-12
1,9626,9530,13-Dec-12
1,9510,9416,14-Dec-12
1,9154,9062,17-Dec-12
1,9206,9114,18-Dec-12
1,9231,9139,19-Dec-12
1,8598,8512,20-Dec-12
1,8621,8535,21-Dec-12
1,8985,8895,26-Dec-12
1,9079,8989,27-Dec-12
1,9101,9011,28-Dec-12
1,13375,13241,02-Jan-13
1,13396,13262,03-Jan-13
1,13409,13275,04-Jan-13
1,13403,13269,07-Jan-13
1,13442,13308,08-Jan-13
1,13427,13293,09-Jan-13
1,13431,13297,10-Jan-13
1,13460,13326,11-Jan-13
1,13440,13306,14-Jan-13
1,13407,13273,15-Jan-13
1,13417,13283,16-Jan-13
1,13431,13297,17-Jan-13
1,13442,13308,18-Jan-13
1,13428,13294,21-Jan-13
1,13428,13294,22-Jan-13
1,13414,13280,23-Jan-13
1,13406,13272,25-Jan-13
1,13403,13269,28-Jan-13
1,13427,13293,29-Jan-13
1,13423,13289,30-Jan-13
1,13437,13303,31-Jan-13
1,13419,13285,01-Feb-13
1,13395,13261,04-Feb-13
1,13396,13262,05-Feb-13
1,13397,13263,06-Feb-13
1,13397,13263,07-Feb-13
1,13385,13251,08-Feb-13
1,13375,13241,11-Feb-13
1,13404,13270,12-Feb-13
1,13389,13255,13-Feb-13
1,13396,13262,14-Feb-13
1,13429,13295,15-Feb-13
1,13441,13307,18-Feb-13
1,13416,13282,19-Feb-13
1,13410,13276,20-Feb-13
1,13402,13268,21-Feb-13
1,13426,13292,22-Feb-13
1,13392,13258,25-Feb-13
1,13407,13273,26-Feb-13
1,13397,13263,27-Feb-13
1,13439,13305,28-Feb-13
1,13449,13315,01-Mar-13
1,13443,13309,04-Mar-13
1,13395,13261,05-Mar-13
1,13448,13314,06-Mar-13
1,13421,13287,07-Mar-13
1,13375,13241,08-Mar-13
1,13354,13222,11-Mar-13
1,13394,13260,13-Mar-13
1,13387,13253,14-Mar-13
1,13452,13318,15-Mar-13
1,13414,13280,18-Mar-13
1,13437,13303,19-Mar-13
1,13545,13411,20-Mar-13
1,13552,13418,21-Mar-13
1,13503,13369,22-Mar-13
1,13503,13369,25-Mar-13
1,13540,13406,26-Mar-13
1,13514,13380,27-Mar-13
1,13503,13369,28-Mar-13
1,13537,13403,01-Apr-13
1,13502,13368,02-Apr-13
1,13540,13406,03-Apr-13
1,13460,13326,04-Apr-13
1,13448,13314,05-Apr-13
1,13493,13359,08-Apr-13
1,13434,13300,09-Apr-13
1,13351,13219,10-Apr-13
1,13376,13242,11-Apr-13
1,13404,13270,12-Apr-13
1,13371,13237,15-Apr-13
1,13403,13269,16-Apr-13
1,13472,13338,17-Apr-13
1,13584,13448,18-Apr-13
1,13592,13456,19-Apr-13
1,13650,13514,22-Apr-13
1,13631,13495,23-Apr-13
1,13617,13481,24-Apr-13
1,13534,13400,25-Apr-13
1,13638,13502,26-Apr-13
1,13608,13472,29-Apr-13
1,13540,13406,30-Apr-13
1,9794,9696,01-May-13
1,8960,8870,02-May-13
1,9165,9073,03-May-13
1,10281,10179,06-May-13
1,10445,10341,07-May-13
1,11492,11378,08-May-13
1,9734,9638,10-May-13
1,9633,9537,13-May-13
1,9450,9356,14-May-13
1,9321,9229,15-May-13
1,9204,9112,16-May-13
1,9115,9025,17-May-13
1,8552,8466,20-May-13
1,8566,8480,21-May-13
1,8729,8643,22-May-13
1,8867,8779,23-May-13
1,9047,8957,24-May-13
1,9010,8920,27-May-13
1,9093,9003,28-May-13
1,9139,9049,29-May-13
1,9412,9318,30-May-13
1,9492,9398,31-May-13
1,13491,13357,03-Jun-13
1,13505,13371,04-Jun-13
1,13475,13341,05-Jun-13
1,13452,13318,07-Jun-13
1,13414,13280,10-Jun-13
1,13405,13271,11-Jun-13
1,13425,13291,12-Jun-13
1,13417,13283,13-Jun-13
1,13184,13052,14-Jun-13
1,13149,13019,17-Jun-13
1,13155,13025,18-Jun-13
1,13147,13017,19-Jun-13
1,13169,13037,20-Jun-13
1,13115,12985,21-Jun-13
1,13123,12993,24-Jun-13
1,13101,12971,25-Jun-13
1,13116,12986,26-Jun-13
1,13113,12983,27-Jun-13
1,13092,12962,28-Jun-13
1,13062,12932,01-Jul-13
1,13087,12957,02-Jul-13
1,13112,12982,03-Jul-13
1,13085,12955,04-Jul-13
1,13064,12934,05-Jul-13
1,13072,12942,08-Jul-13
1,13109,12979,09-Jul-13
1,13119,12989,10-Jul-13
1,13112,12982,11-Jul-13
1,13093,12963,12-Jul-13
1,13088,12958,15-Jul-13
1,13057,12927,16-Jul-13
1,13034,12904,17-Jul-13
1,13067,12937,18-Jul-13
1,13057,12927,19-Jul-13
1,13060,12930,22-Jul-13
1,13053,12923,23-Jul-13
1,13075,12945,24-Jul-13
1,13063,12933,25-Jul-13
1,13017,12887,26-Jul-13
1,12991,12861,29-Jul-13
1,13092,12962,30-Jul-13
1,13141,13011,31-Jul-13
1,9772,9674,01-Aug-13
1,8889,8801,02-Aug-13
1,10025,9925,06-Aug-13
1,9681,9585,12-Aug-13
1,9587,9491,13-Aug-13
1,9532,9438,14-Aug-13
1,9495,9401,15-Aug-13
1,9230,9138,16-Aug-13
1,9128,9038,19-Aug-13
1,8576,8490,20-Aug-13
1,8606,8520,21-Aug-13
1,8591,8505,22-Aug-13
1,8837,8749,23-Aug-13
1,8958,8868,26-Aug-13
1,8999,8909,27-Aug-13
1,9100,9010,28-Aug-13
1,9250,9158,29-Aug-13
1,9372,9278,30-Aug-13
1,13163,13033,02-Sep-13
1,13163,13033,03-Sep-13
1,13214,13082,04-Sep-13
1,13208,13076,05-Sep-13
1,13230,13098,06-Sep-13
1,13197,13065,09-Sep-13
1,13256,13124,10-Sep-13
1,13294,13162,11-Sep-13
1,13217,13085,12-Sep-13
1,13154,13024,13-Sep-13
1,13155,13025,16-Sep-13
1,13151,13021,17-Sep-13
1,13228,13096,18-Sep-13
1,13263,13131,19-Sep-13
1,13327,13195,20-Sep-13
1,13335,13203,23-Sep-13
1,13367,13233,24-Sep-13
1,13326,13194,25-Sep-13
1,13341,13209,26-Sep-13
1,13308,13176,27-Sep-13
1,13333,13201,30-Sep-13
1,9736,9640,01-Oct-13
1,8582,8496,02-Oct-13
1,9321,9229,03-Oct-13
1,9673,9577,04-Oct-13
1,10872,10764,07-Oct-13
1,12040,11920,08-Oct-13
1,11105,10995,09-Oct-13
1,9738,9642,10-Oct-13
1,9687,9591,11-Oct-13
1,9211,9119,16-Oct-13
1,9033,8943,17-Oct-13
1,9181,9089,18-Oct-13
1,8596,8510,21-Oct-13
1,8762,8674,22-Oct-13
1,9062,8972,23-Oct-13
1,9079,8989,24-Oct-13
1,8954,8864,25-Oct-13
1,9246,9154,28-Oct-13
1,9061,8971,29-Oct-13
1,9286,9194,30-Oct-13
1,9515,9421,31-Oct-13
1,9772,9674,01-Nov-13
1,9537,9443,04-Nov-13
1,10181,10079,06-Nov-13
1,10558,10452,07-Nov-13
1,11899,11781,08-Nov-13
1,9646,9550,11-Nov-13
1,9651,9555,12-Nov-13
1,9542,9448,13-Nov-13
1,9527,9433,14-Nov-13
1,9293,9201,15-Nov-13
1,9135,9045,18-Nov-13
1,8985,8895,19-Nov-13
1,8601,8515,20-Nov-13
1,8591,8505,21-Nov-13
1,8694,8608,22-Nov-13
1,8981,8891,25-Nov-13
1,8967,8877,26-Nov-13
1,9052,8962,27-Nov-13
1,9100,9010,28-Nov-13
1,9062,8972,29-Nov-13
1,8985,8895,02-Dec-13
1,9120,9030,03-Dec-13
1,9593,9497,04-Dec-13
1,10088,9988,05-Dec-13
1,10140,10040,06-Dec-13
1,11759,11641,09-Dec-13
1,9732,9636,10-Dec-13
1,9756,9658,11-Dec-13
1,9676,9580,12-Dec-13
1,9637,9541,13-Dec-13
1,9219,9127,16-Dec-13
1,9143,9053,17-Dec-13
1,9254,9162,18-Dec-13
1,9146,9054,19-Dec-13
1,8576,8490,20-Dec-13
1,8833,8745,23-Dec-13
1,9109,9019,24-Dec-13
1,9086,8996,27-Dec-13
1,9435,9341,30-Dec-13
1,9519,9425,31-Dec-13
1,13318,13186,02-Jan-14
1,13282,13150,03-Jan-14
1,13263,13131,06-Jan-14
1,13185,13053,07-Jan-14
1,13180,13048,08-Jan-14
1,13163,13033,09-Jan-14
1,13187,13055,10-Jan-14
1,13186,13054,13-Jan-14
1,13179,13047,15-Jan-14
1,13189,13057,16-Jan-14
1,13199,13067,17-Jan-14
1,13210,13078,20-Jan-14
1,13191,13059,21-Jan-14
1,13204,13072,22-Jan-14
1,13180,13048,23-Jan-14
1,13144,13014,24-Jan-14
1,13145,13015,27-Jan-14
1,13159,13029,28-Jan-14
1,13179,13047,29-Jan-14
1,13196,13064,30-Jan-14
1,13216,13084,03-Feb-14
1,13201,13069,04-Feb-14
1,13168,13036,05-Feb-14
1,13188,13056,06-Feb-14
1,13166,13034,07-Feb-14
1,13151,13021,10-Feb-14
1,13178,13046,11-Feb-14
1,13151,13021,12-Feb-14
1,13153,13023,13-Feb-14
1,13160,13030,14-Feb-14
1,13217,13085,17-Feb-14
1,13178,13046,18-Feb-14
1,13238,13106,19-Feb-14
1,13238,13106,20-Feb-14
1,13246,13114,21-Feb-14
1,13232,13100,24-Feb-14
1,13322,13190,25-Feb-14
1,13562,13428,26-Feb-14
1,13362,13230,27-Feb-14
1,13331,13199,28-Feb-14
1,13364,13232,03-Mar-14
1,13352,13220,04-Mar-14
1,13326,13194,05-Mar-14
1,13425,13291,06-Mar-14
1,13394,13260,07-Mar-14
1,13465,13331,10-Mar-14
1,13339,13207,11-Mar-14
1,13408,13274,12-Mar-14
1,13376,13242,13-Mar-14
1,13297,13165,14-Mar-14
1,13307,13175,17-Mar-14
1,13442,13308,18-Mar-14
1,13545,13411,19-Mar-14
1,13680,13544,20-Mar-14
1,13763,13627,21-Mar-14
1,13739,13603,24-Mar-14
1,13683,13547,25-Mar-14
1,13709,13573,26-Mar-14
1,13643,13507,27-Mar-14
1,13683,13547,28-Mar-14
1,13739,13603,01-Apr-14
1,13674,13538,02-Apr-14
1,13675,13539,03-Apr-14
1,13641,13505,04-Apr-14
1,13534,13400,07-Apr-14
1,13386,13252,08-Apr-14
1,13344,13212,10-Apr-14
1,13395,13261,11-Apr-14
1,13378,13244,14-Apr-14
1,13365,13233,15-Apr-14
1,13337,13205,16-Apr-14
1,13400,13266,17-Apr-14
1,13350,13218,21-Apr-14
1,13312,13180,22-Apr-14
1,13228,13096,23-Apr-14
1,13258,13126,24-Apr-14
1,13270,13138,25-Apr-14
1,13270,13138,28-Apr-14
1,13239,13107,29-Apr-14
1,13281,13149,30-Apr-14
1,9020,8930,02-May-14
1,10196,10094,05-May-14
1,10306,10204,06-May-14
1,10494,10390,07-May-14
1,11819,11701,08-May-14
1,11759,11641,09-May-14
1,9641,9545,12-May-14
1,9608,9512,13-May-14
1,9430,9336,14-May-14
1,9191,9099,16-May-14
1,9075,8985,19-May-14
1,8531,8447,20-May-14
1,8564,8478,21-May-14
1,8713,8627,22-May-14
1,8902,8814,23-May-14
1,8972,8882,26-May-14
1,9139,9049,28-May-14
1,9455,9361,30-May-14
1,13301,13169,02-Jun-14
1,13235,13103,03-Jun-14
1,13248,13116,04-Jun-14
1,13199,13067,05-Jun-14
1,13216,13084,06-Jun-14
1,13270,13138,09-Jun-14
1,13232,13100,10-Jun-14
1,13304,13172,11-Jun-14
1,13161,13031,12-Jun-14
1,13189,13057,13-Jun-14
1,13200,13068,16-Jun-14
1,13235,13103,17-Jun-14
1,13263,13131,18-Jun-14
1,13289,13157,19-Jun-14
1,13283,13151,20-Jun-14
1,13211,13079,23-Jun-14
1,13266,13134,24-Jun-14
1,13342,13210,25-Jun-14
1,13426,13292,26-Jun-14
1,13430,13296,27-Jun-14
1,13390,13256,30-Jun-14
1,13316,13184,01-Jul-14
1,13233,13101,02-Jul-14
1,13241,13109,03-Jul-14
1,13226,13094,04-Jul-14
1,13113,12983,07-Jul-14
1,13232,13100,08-Jul-14
1,13235,13103,10-Jul-14
1,13152,13022,11-Jul-14
1,13085,12955,14-Jul-14
1,13152,13022,15-Jul-14
1,13215,13083,16-Jul-14
1,13194,13062,17-Jul-14
1,13094,12964,18-Jul-14
1,13225,13093,21-Jul-14
1,13326,13194,22-Jul-14
1,13381,13247,23-Jul-14
1,13434,13300,24-Jul-14
1,13462,13328,25-Jul-14
1,9759,9661,01-Aug-14
1,9467,9373,04-Aug-14
1,9879,9781,05-Aug-14
1,10020,9920,06-Aug-14
1,10035,9935,07-Aug-14
1,10748,10642,08-Aug-14
1,9787,9689,11-Aug-14
1,9686,9590,12-Aug-14
1,9595,9499,13-Aug-14
1,9532,9438,14-Aug-14
1,9480,9386,15-Aug-14
1,9063,8973,18-Aug-14
1,9110,9020,19-Aug-14
1,8569,8483,20-Aug-14
1,8640,8554,21-Aug-14
1,8620,8534,22-Aug-14
1,9053,8963,25-Aug-14
1,8972,8882,26-Aug-14
1,9061,8971,27-Aug-14
1,9114,9024,28-Aug-14
1,9236,9144,29-Aug-14
1,13467,13333,01-Sep-14
1,13483,13349,02-Sep-14
1,13513,13379,03-Sep-14
1,13464,13330,04-Sep-14
1,13527,13393,05-Sep-14
1,13617,13481,08-Sep-14
1,13546,13412,09-Sep-14
1,13572,13436,10-Sep-14
1,13400,13266,11-Sep-14
1,13543,13409,12-Sep-14
1,13538,13404,15-Sep-14
1,13436,13302,16-Sep-14
1,13606,13470,17-Sep-14
1,13757,13621,18-Sep-14
1,13721,13585,19-Sep-14
1,13730,13594,22-Sep-14
1,13826,13688,23-Sep-14
1,13689,13553,24-Sep-14
1,13767,13631,25-Sep-14
1,13915,13777,26-Sep-14
1,13958,13820,29-Sep-14
1,13940,13802,30-Sep-14
1,9745,9649,01-Oct-14
1,8621,8535,02-Oct-14
1,9360,9266,03-Oct-14
1,10241,10139,06-Oct-14
1,10995,10885,07-Oct-14
1,12035,11915,08-Oct-14
1,10995,10885,09-Oct-14
1,9738,9642,10-Oct-14
1,9519,9425,13-Oct-14
1,9485,9391,14-Oct-14
1,9239,9147,15-Oct-14
1,9206,9114,16-Oct-14
1,9040,8950,17-Oct-14
1,8567,8481,20-Oct-14
1,8598,8512,21-Oct-14
1,8752,8664,22-Oct-14
1,9087,8997,23-Oct-14
1,9081,8991,24-Oct-14
1,8983,8893,27-Oct-14
1,9296,9204,28-Oct-14
1,9072,8982,29-Oct-14
1,9274,9182,30-Oct-14
1,9629,9533,31-Oct-14
1,9234,9142,03-Nov-14
1,9468,9374,04-Nov-14
1,10050,9950,05-Nov-14
1,10343,10241,06-Nov-14
1,10467,10363,07-Nov-14
1,9718,9622,10-Nov-14
1,9653,9557,11-Nov-14
1,9646,9550,12-Nov-14
1,9545,9451,13-Nov-14
1,9522,9428,14-Nov-14
1,9082,8992,17-Nov-14
1,9060,8970,18-Nov-14
1,9007,8917,19-Nov-14
1,8598,8512,20-Nov-14
1,8608,8522,21-Nov-14
1,9077,8987,24-Nov-14
1,8963,8873,25-Nov-14
1,8966,8876,26-Nov-14
1,9011,8921,27-Nov-14
1,9078,8988,28-Nov-14
1,9792,9694,01-Dec-14
1,9005,8915,02-Dec-14
1,9161,9069,03-Dec-14
1,9658,9562,04-Dec-14
1,10120,10020,05-Dec-14
1,11619,11503,08-Dec-14
1,11809,11691,09-Dec-14
1,9713,9617,10-Dec-14
1,9735,9639,11-Dec-14
1,9663,9567,12-Dec-14
1,9613,9517,15-Dec-14
1,9216,9124,16-Dec-14
1,9130,9040,17-Dec-14
1,9221,9129,18-Dec-14
1,9050,8960,19-Dec-14
1,8636,8550,22-Dec-14
1,8833,8745,23-Dec-14
1,9083,8993,24-Dec-14
1,9315,9223,29-Dec-14
1,9460,9366,30-Dec-14
1,9507,9413,31-Dec-14
1,13974,13834,02-Jan-15
1,13913,13775,05-Jan-15
1,13943,13805,06-Jan-15
1,13968,13830,07-Jan-15
1,13965,13827,08-Jan-15
1,13991,13851,09-Jan-15
1,14001,13861,12-Jan-15
1,13955,13817,13-Jan-15
1,13946,13808,14-Jan-15
1,13930,13792,15-Jan-15
1,13904,13766,16-Jan-15
1,14005,13865,19-Jan-15
1,13943,13805,20-Jan-15
1,14016,13876,21-Jan-15
1,13932,13794,22-Jan-15
1,14001,13861,23-Jan-15
1,13967,13829,26-Jan-15
1,13864,13726,27-Jan-15
1,13863,13725,28-Jan-15
1,13726,13590,29-Jan-15
1,13707,13571,30-Jan-15
1,13712,13576,02-Feb-15
1,13683,13547,03-Feb-15
1,13941,13803,04-Feb-15
1,14102,13962,05-Feb-15
1,14098,13958,06-Feb-15
1,14120,13980,09-Feb-15
1,14135,13995,10-Feb-15
1,14146,14006,11-Feb-15
1,14007,13867,12-Feb-15
1,14024,13884,13-Feb-15
1,13922,13784,16-Feb-15
1,13906,13768,17-Feb-15
1,13902,13764,18-Feb-15
1,13914,13776,20-Feb-15
1,13826,13688,23-Feb-15
1,13877,13739,24-Feb-15
1,13909,13771,25-Feb-15
1,13816,13678,26-Feb-15
1,13802,13664,27-Feb-15
1,13741,13605,02-Mar-15
1,13792,13654,03-Mar-15
1,13764,13628,04-Mar-15
1,13808,13670,05-Mar-15
1,13856,13718,06-Mar-15
1,13832,13694,09-Mar-15
1,13780,13642,10-Mar-15
1,13801,13663,11-Mar-15
1,13701,13565,12-Mar-15
1,13643,13507,13-Mar-15
1,13644,13508,16-Mar-15
1,13687,13551,17-Mar-15
1,13755,13619,18-Mar-15
1,13618,13482,19-Mar-15
1,13671,13535,20-Mar-15
1,13528,13394,23-Mar-15
1,13662,13526,24-Mar-15
1,13750,13614,25-Mar-15
1,13707,13571,26-Mar-15
1,13630,13494,27-Mar-15
1,13698,13562,30-Mar-15
1,13694,13558,31-Mar-15
1,13711,13575,01-Apr-15
1,13558,13424,02-Apr-15
1,13708,13572,06-Apr-15
1,13764,13628,07-Apr-15
1,13702,13566,08-Apr-15
1,13631,13495,09-Apr-15
1,13602,13466,10-Apr-15
1,13354,13222,13-Apr-15
1,13625,13489,14-Apr-15
1,13533,13399,15-Apr-15
1,13589,13453,16-Apr-15
1,13878,13740,17-Apr-15
1,14135,13995,20-Apr-15
1,14454,14310,21-Apr-15
1,14677,14531,22-Apr-15
1,14783,14635,23-Apr-15
1,14727,14581,24-Apr-15
1,14730,14584,27-Apr-15
1,14802,14654,28-Apr-15
1,14769,14623,29-Apr-15
1,14763,14617,30-Apr-15
1,9522,9428,04-May-15
1,10085,9985,05-May-15
1,10216,10114,06-May-15
1,10376,10272,07-May-15
1,11892,11774,08-May-15
1,9696,9600,11-May-15
1,9638,9542,12-May-15
1,9621,9525,13-May-15
1,9311,9219,15-May-15
1,9209,9117,18-May-15
1,9040,8950,19-May-15
1,8564,8478,20-May-15
1,8572,8486,21-May-15
1,8704,8618,22-May-15
1,9018,8928,25-May-15
1,8974,8884,26-May-15
1,9012,8922,27-May-15
1,9128,9038,28-May-15
1,9161,9069,29-May-15
1,14696,14550,01-Jun-15
1,14558,14414,03-Jun-15
1,14523,14379,04-Jun-15
1,14535,14391,05-Jun-15
1,14524,14380,08-Jun-15
1,14514,14370,09-Jun-15
1,14443,14299,10-Jun-15
1,14394,14250,11-Jun-15
1,14378,14234,12-Jun-15
1,14394,14250,15-Jun-15
1,14315,14173,16-Jun-15
1,14356,14214,17-Jun-15
1,14305,14163,18-Jun-15
1,14249,14107,19-Jun-15
1,14231,14089,22-Jun-15
1,14198,14056,23-Jun-15
1,14151,14011,24-Jun-15
1,14097,13957,25-Jun-15
1,14081,13941,26-Jun-15
1,14199,14057,29-Jun-15
1,14173,14031,30-Jun-15
1,14137,13997,01-Jul-15
1,14068,13928,02-Jul-15
1,13964,13826,03-Jul-15
1,13907,13769,06-Jul-15
1,13893,13755,07-Jul-15
1,13900,13762,08-Jul-15
1,13832,13694,09-Jul-15
1,13816,13678,10-Jul-15
1,13827,13689,13-Jul-15
1,13609,13473,14-Jul-15
1,13604,13468,15-Jul-15
1,13604,13468,22-Jul-15
1,13597,13461,23-Jul-15
1,13585,13449,24-Jul-15
1,13562,13428,27-Jul-15
1,13559,13425,28-Jul-15
1,13548,13414,29-Jul-15
1,13535,13401,30-Jul-15
1,13511,13377,31-Jul-15
1,9065,8975,03-Aug-15
1,9499,9405,04-Aug-15
1,9986,9886,05-Aug-15
1,10028,9928,06-Aug-15
1,10089,9989,07-Aug-15
1,9754,9656,10-Aug-15
1,9723,9627,11-Aug-15
1,9678,9582,12-Aug-15
1,9540,9446,13-Aug-15
1,9540,9446,14-Aug-15
1,9030,8940,18-Aug-15
1,9149,9057,19-Aug-15
1,8584,8498,20-Aug-15
1,8666,8580,21-Aug-15
1,9113,9023,24-Aug-15
1,9059,8969,25-Aug-15
1,8981,8891,26-Aug-15
1,9056,8966,27-Aug-15
1,9097,9007,28-Aug-15
1,9487,9393,31-Aug-15
1,13527,13393,01-Sep-15
1,13520,13386,02-Sep-15
1,13515,13381,03-Sep-15
1,13461,13327,04-Sep-15
1,13435,13301,07-Sep-15
1,13396,13262,08-Sep-15
1,13387,13253,09-Sep-15
1,13376,13242,10-Sep-15
1,13371,13237,11-Sep-15
1,13414,13280,14-Sep-15
1,13413,13279,15-Sep-15
1,13380,13246,16-Sep-15
1,13420,13286,17-Sep-15
1,13383,13249,18-Sep-15
1,13404,13270,21-Sep-15
1,13398,13264,22-Sep-15
1,13399,13265,23-Sep-15
1,13423,13289,25-Sep-15
1,13405,13271,28-Sep-15
1,13390,13256,29-Sep-15
1,13346,13214,30-Sep-15
1,9734,9638,01-Oct-15
1,8620,8534,02-Oct-15
1,9970,9870,05-Oct-15
1,10186,10084,06-Oct-15
1,10892,10784,07-Oct-15
1,11995,11875,08-Oct-15
1,10917,10809,09-Oct-15
1,9641,9545,12-Oct-15
1,9508,9414,13-Oct-15
1,9236,9144,15-Oct-15
1,9179,9087,16-Oct-15
1,8914,8826,19-Oct-15
1,8578,8492,20-Oct-15
1,8579,8493,21-Oct-15
1,8766,8678,22-Oct-15
1,9102,9012,23-Oct-15
1,8998,8908,26-Oct-15
1,8997,8907,27-Oct-15
1,9284,9192,28-Oct-15
1,9052,8962,29-Oct-15
1,9355,9261,30-Oct-15
1,8665,8579,02-Nov-15
1,9244,9152,03-Nov-15
1,9415,9321,04-Nov-15
1,10030,9930,05-Nov-15
1,10487,10383,06-Nov-15
1,11219,11107,09-Nov-15
1,9691,9595,10-Nov-15
1,9658,9562,11-Nov-15
1,9648,9552,12-Nov-15
1,9541,9447,13-Nov-15
1,9226,9134,16-Nov-15
1,9068,8978,17-Nov-15
1,9118,9028,18-Nov-15
1,9028,8938,19-Nov-15
1,8580,8494,20-Nov-15
1,8976,8886,23-Nov-15
1,9086,8996,24-Nov-15
1,8932,8844,25-Nov-15
1,8969,8879,26-Nov-15
1,8998,8908,27-Nov-15
1,9276,9184,30-Nov-15
1,9786,9688,01-Dec-15
1,8970,8880,02-Dec-15
1,9115,9025,03-Dec-15
1,9593,9497,04-Dec-15
1,10372,10268,07-Dec-15
1,11678,11562,08-Dec-15
1,9692,9596,10-Dec-15
1,9708,9612,11-Dec-15
1,9521,9427,14-Dec-15
1,9618,9522,15-Dec-15
1,9211,9119,16-Dec-15
1,9204,9112,17-Dec-15
1,9226,9134,18-Dec-15
1,8638,8552,21-Dec-15
1,8668,8582,22-Dec-15
1,8837,8749,23-Dec-15
1,9095,9005,28-Dec-15
1,9382,9288,29-Dec-15
1,9440,9346,30-Dec-15
1,9489,9395,31-Dec-15
1,13383,13249,04-Jan-16
1,13385,13251,05-Jan-16
1,13391,13257,06-Jan-16
1,13408,13274,07-Jan-16
1,13434,13300,08-Jan-16
1,13400,13266,11-Jan-16
1,13400,13266,12-Jan-16
1,13384,13250,13-Jan-16
1,13358,13226,14-Jan-16
1,13396,13262,15-Jan-16
1,13429,13295,18-Jan-16
1,13427,13293,19-Jan-16
1,13354,13222,20-Jan-16
1,13309,13177,21-Jan-16
1,13262,13130,22-Jan-16
1,13296,13164,25-Jan-16
1,13277,13145,26-Jan-16
1,13271,13139,27-Jan-16
1,13295,13163,28-Jan-16
1,13258,13126,29-Jan-16
1,13252,13120,01-Feb-16
1,13202,13070,02-Feb-16
1,13216,13084,03-Feb-16
1,13235,13103,04-Feb-16
1,13249,13117,05-Feb-16
1,13182,13050,09-Feb-16
1,13155,13025,10-Feb-16
1,13254,13122,11-Feb-16
1,13269,13137,12-Feb-16
1,13182,13050,15-Feb-16
1,13243,13111,16-Feb-16
1,13130,13000,17-Feb-16
1,13105,12975,18-Feb-16
1,13058,12928,19-Feb-16
1,13086,12956,22-Feb-16
1,13002,12872,23-Feb-16
1,13029,12899,24-Feb-16
1,13043,12913,25-Feb-16
1,12987,12857,26-Feb-16
1,13006,12876,29-Feb-16
1,13004,12874,01-Mar-16
1,13017,12887,02-Mar-16
1,13007,12877,03-Mar-16
1,12939,12811,04-Mar-16
1,12927,12799,07-Mar-16
1,12902,12774,08-Mar-16
1,13041,12911,10-Mar-16
1,13044,12914,11-Mar-16
1,13010,12880,14-Mar-16
1,12975,12845,15-Mar-16
1,13038,12908,16-Mar-16
1,13067,12937,17-Mar-16
1,13047,12917,18-Mar-16
1,13007,12877,21-Mar-16
1,13065,12935,22-Mar-16
1,13108,12978,23-Mar-16
1,13149,13019,24-Mar-16
1,13151,13021,28-Mar-16
1,13129,12999,29-Mar-16
1,13068,12938,30-Mar-16
1,12997,12867,31-Mar-16
1,13037,12907,01-Apr-16
1,13141,13011,04-Apr-16
1,13140,13010,05-Apr-16
1,13073,12943,06-Apr-16
1,13230,13098,07-Apr-16
1,13275,13143,08-Apr-16
1,13303,13171,11-Apr-16
1,13257,13125,12-Apr-16
1,13242,13110,13-Apr-16
1,13230,13098,14-Apr-16
1,13124,12994,15-Apr-16
1,13112,12982,18-Apr-16
1,13048,12918,19-Apr-16
1,13087,12957,20-Apr-16
1,13028,12898,21-Apr-16
1,13027,12897,22-Apr-16
1,13058,12928,25-Apr-16
1,12927,12799,26-Apr-16
1,12926,12798,27-Apr-16
1,12951,12823,28-Apr-16
1,12930,12802,29-Apr-16
1,8779,8691,02-May-16
1,9162,9070,03-May-16
1,9412,9318,04-May-16
1,11412,11298,09-May-16
1,9745,9649,10-May-16
1,9701,9605,11-May-16
1,9633,9537,12-May-16
1,9601,9505,13-May-16
1,9209,9117,16-May-16
1,9104,9014,17-May-16
1,9226,9134,18-May-16
1,9000,8910,19-May-16
1,8571,8485,20-May-16
1,8901,8813,23-May-16
1,9039,8949,24-May-16
1,8990,8900,25-May-16
1,8970,8880,26-May-16
1,9014,8924,27-May-16
1,9427,9333,30-May-16
1,9463,9369,31-May-16
1,12877,12749,01-Jun-16
1,12913,12785,02-Jun-16
1,12868,12740,03-Jun-16
1,12821,12693,06-Jun-16
1,12806,12678,07-Jun-16
1,12833,12705,08-Jun-16
1,12858,12730,09-Jun-16
1,12764,12636,10-Jun-16
1,12707,12581,13-Jun-16
1,12742,12616,14-Jun-16
1,12676,12550,15-Jun-16
1,12716,12590,16-Jun-16
1,12672,12546,17-Jun-16
1,12706,12580,20-Jun-16
1,12764,12636,21-Jun-16
1,12688,12562,22-Jun-16
1,12578,12452,23-Jun-16
1,12560,12436,24-Jun-16
1,12555,12431,27-Jun-16
1,12580,12454,28-Jun-16
1,12506,12382,29-Jun-16
1,12513,12389,30-Jun-16
1,12620,12494,01-Jul-16
1,12722,12596,04-Jul-16
1,12675,12549,11-Jul-16
1,12656,12530,12-Jul-16
1,12680,12554,13-Jul-16
1,12643,12517,14-Jul-16
1,12671,12545,15-Jul-16
1,12631,12505,18-Jul-16
1,12703,12577,19-Jul-16
1,12795,12667,20-Jul-16
1,12796,12668,21-Jul-16
1,12721,12595,22-Jul-16
1,12652,12526,25-Jul-16
1,12536,12412,26-Jul-16
1,12502,12378,27-Jul-16
1,12498,12374,28-Jul-16
1,12496,12372,29-Jul-16
1,9759,9661,01-Aug-16
1,8937,8849,02-Aug-16
1,9048,8958,03-Aug-16
1,9467,9373,04-Aug-16
1,10008,9908,05-Aug-16
1,10934,10826,08-Aug-16
1,11985,11865,09-Aug-16
1,9762,9664,10-Aug-16
1,9718,9622,11-Aug-16
1,9681,9585,12-Aug-16
1,9480,9386,15-Aug-16
1,9230,9138,16-Aug-16
1,9000,8910,18-Aug-16
1,9130,9040,19-Aug-16
1,8609,8523,22-Aug-16
1,8824,8736,23-Aug-16
1,9089,8999,24-Aug-16
1,9062,8972,25-Aug-16
1,8977,8887,26-Aug-16
1,9281,9189,29-Aug-16
1,9326,9234,30-Aug-16
1,9553,9457,31-Aug-16
1,12529,12405,01-Sep-16
1,12518,12394,02-Sep-16
1,12497,12373,05-Sep-16
1,12563,12437,06-Sep-16
1,12628,12502,07-Sep-16
1,12784,12656,08-Sep-16
1,12965,12835,09-Sep-16
1,12662,12536,13-Sep-16
1,12494,12370,14-Sep-16
1,12398,12274,15-Sep-16
1,12398,12274,16-Sep-16
1,12409,12285,19-Sep-16
1,12414,12290,20-Sep-16
1,12357,12235,21-Sep-16
1,12380,12256,22-Sep-16
1,12356,12234,23-Sep-16
1,12337,12215,26-Sep-16
1,12325,12203,27-Sep-16
1,12257,12135,28-Sep-16
1,12240,12118,29-Sep-16
1,12221,12099,30-Sep-16
1,9382,9288,03-Oct-16
1,9729,9633,04-Oct-16
1,9944,9846,05-Oct-16
1,10156,10054,06-Oct-16
1,10904,10796,07-Oct-16
1,9789,9691,10-Oct-16
1,9691,9595,11-Oct-16
1,9636,9540,12-Oct-16
1,9532,9438,13-Oct-16
1,9515,9421,14-Oct-16
1,8936,8848,17-Oct-16
1,9135,9045,18-Oct-16
1,8909,8821,19-Oct-16
1,8575,8489,20-Oct-16
1,8589,8503,21-Oct-16
1,9063,8973,24-Oct-16
1,8967,8877,25-Oct-16
1,8996,8906,26-Oct-16
1,9047,8957,27-Oct-16
1,9311,9219,28-Oct-16
1,9517,9423,31-Oct-16
1,9754,9656,01-Nov-16
1,8646,8560,02-Nov-16
1,9246,9154,03-Nov-16
1,9503,9409,04-Nov-16
1,10537,10433,07-Nov-16
1,12100,11980,08-Nov-16
1,11225,11113,09-Nov-16
1,9683,9587,10-Nov-16
1,9656,9560,11-Nov-16
1,9517,9423,14-Nov-16
1,9271,9179,15-Nov-16
1,9206,9114,16-Nov-16
1,9038,8948,17-Nov-16
1,9151,9059,18-Nov-16
1,8619,8533,21-Nov-16
1,8714,8628,22-Nov-16
1,8969,8879,23-Nov-16
1,9093,9003,24-Nov-16
1,8949,8859,25-Nov-16
1,9060,8970,28-Nov-16
1,9075,8985,29-Nov-16
1,9251,9159,30-Nov-16
1,9784,9686,01-Dec-16
1,8867,8779,02-Dec-16
1,10189,10087,05-Dec-16
1,10211,10109,06-Dec-16
1,10383,10279,07-Dec-16
1,11633,11517,08-Dec-16
1,11847,11729,09-Dec-16
1,9631,9535,13-Dec-16
1,9525,9431,14-Dec-16
1,9522,9428,15-Dec-16
1,9214,9122,16-Dec-16
1,9143,9053,19-Dec-16
1,8581,8495,20-Dec-16
1,8627,8541,21-Dec-16
1,8699,8613,22-Dec-16
1,8853,8765,23-Dec-16
1,9050,8960,27-Dec-16
1,9109,9019,28-Dec-16
1,9251,9159,29-Dec-16
1,9372,9278,30-Dec-16
1,9482,9388,31-Dec-16
1,12227,12105,03-Jan-17
1,12183,12061,04-Jan-17
1,12222,12100,05-Jan-17
1,12222,12100,06-Jan-17
1,12185,12063,09-Jan-17
1,12207,12085,10-Jan-17
1,12254,12132,11-Jan-17
1,12267,12145,12-Jan-17
1,12252,12130,13-Jan-17
1,12266,12144,16-Jan-17
1,12224,12102,17-Jan-17
1,12199,12077,18-Jan-17
1,12210,12088,19-Jan-17
1,12240,12118,20-Jan-17
1,12152,12032,23-Jan-17
1,12191,12069,24-Jan-17
1,12166,12044,25-Jan-17
1,12142,12022,26-Jan-17
1,12226,12104,27-Jan-17
1,12224,12102,30-Jan-17
1,12219,12097,31-Jan-17
1,12102,11982,01-Feb-17
1,12125,12005,02-Feb-17
1,12094,11974,03-Feb-17
1,12086,11966,06-Feb-17
1,12053,11933,07-Feb-17
1,12101,11981,08-Feb-17
1,12283,12161,09-Feb-17
1,12268,12146,10-Feb-17
1,12290,12168,13-Feb-17
1,12256,12134,14-Feb-17
1,12263,12141,16-Feb-17
1,12268,12146,17-Feb-17
1,12251,12129,20-Feb-17
1,12302,12180,21-Feb-17
1,12251,12129,22-Feb-17
1,12273,12151,23-Feb-17
1,12205,12083,24-Feb-17
1,12197,12075,27-Feb-17
1,12249,12127,28-Feb-17
1,12273,12151,01-Mar-17
1,12181,12059,02-Mar-17
1,12067,11947,03-Mar-17
1,12007,11887,06-Mar-17
1,12036,11916,07-Mar-17
1,12047,11927,08-Mar-17
1,12032,11912,09-Mar-17
1,12045,11925,10-Mar-17
1,12090,11970,13-Mar-17
1,11968,11848,14-Mar-17
1,11963,11843,15-Mar-17
1,11934,11816,16-Mar-17
1,11890,11772,17-Mar-17
1,11890,11772,20-Mar-17
1,11841,11723,21-Mar-17
1,11813,11695,22-Mar-17
1,11781,11663,23-Mar-17
1,11829,11711,24-Mar-17
1,11819,11701,27-Mar-17
1,11840,11722,29-Mar-17
1,11793,11675,30-Mar-17
1,11769,11651,31-Mar-17
1,11776,11658,03-Apr-17
1,11740,11624,04-Apr-17
1,11767,11649,05-Apr-17
1,11774,11656,06-Apr-17
1,11773,11655,07-Apr-17
1,11712,11596,10-Apr-17
1,11776,11658,11-Apr-17
1,11766,11648,12-Apr-17
1,11740,11624,13-Apr-17
1,11739,11623,17-Apr-17
1,11751,11635,18-Apr-17
1,11725,11609,19-Apr-17
1,11741,11625,20-Apr-17
1,11735,11619,21-Apr-17
1,11787,11669,25-Apr-17
1,11881,11763,26-Apr-17
1,11825,11707,27-Apr-17
1,11815,11697,28-Apr-17
1,9033,8943,02-May-17
1,9171,9079,03-May-17
1,9524,9430,04-May-17
1,10060,9960,05-May-17
1,11960,11840,08-May-17
1,11387,11273,09-May-17
1,9721,9625,10-May-17
1,9633,9537,12-May-17
1,9314,9222,15-May-17
1,9226,9134,16-May-17
1,9090,9000,17-May-17
1,9206,9114,18-May-17
1,9050,8960,19-May-17
1,8704,8618,22-May-17
1,8901,8813,23-May-17
1,9032,8942,24-May-17
1,8967,8877,26-May-17
1,9118,9028,29-May-17
1,9362,9268,30-May-17
1,9532,9438,31-May-17
1,11792,11674,02-Jun-17
1,11806,11688,05-Jun-17
1,11649,11533,06-Jun-17
1,11649,11533,07-Jun-17
1,11589,11473,08-Jun-17
1,11555,11441,09-Jun-17
1,11589,11473,12-Jun-17
1,11635,11519,13-Jun-17
1,11765,11647,14-Jun-17
1,11726,11610,15-Jun-17
1,11864,11746,16-Jun-17
1,11768,11650,19-Jun-17
1,11685,11569,20-Jun-17
1,11685,11569,21-Jun-17
1,11607,11491,22-Jun-17
1,11753,11637,30-Jun-17
1,11846,11728,03-Jul-17
1,11946,11828,04-Jul-17
1,12023,11903,05-Jul-17
1,11913,11795,06-Jul-17
1,11857,11739,07-Jul-17
1,12029,11909,10-Jul-17
1,12164,12042,11-Jul-17
1,12151,12031,12-Jul-17
1,12087,11967,13-Jul-17
1,12060,11940,14-Jul-17
1,12031,11911,17-Jul-17
1,12027,11907,18-Jul-17
1,11976,11856,19-Jul-17
1,12038,11918,20-Jul-17
1,11922,11804,21-Jul-17
1,11873,11755,24-Jul-17
1,11840,11722,25-Jul-17
1,11872,11754,26-Jul-17
1,11862,11744,27-Jul-17
1,11865,11747,28-Jul-17
1,11849,11731,31-Jul-17
1,9736,9640,01-Aug-17
1,8955,8865,02-Aug-17
1,9094,9004,03-Aug-17
1,9522,9428,04-Aug-17
1,10214,10112,07-Aug-17
1,11036,10926,08-Aug-17
1,11960,11840,09-Aug-17
1,9762,9664,10-Aug-17
1,9733,9637,11-Aug-17
1,9537,9443,14-Aug-17
1,9422,9328,15-Aug-17
1,9228,9136,16-Aug-17
1,9120,9030,18-Aug-17
1,8662,8576,21-Aug-17
1,8602,8516,22-Aug-17
1,8817,8729,23-Aug-17
1,9110,9020,24-Aug-17
1,9077,8987,25-Aug-17
1,9103,9013,28-Aug-17
1,9256,9164,29-Aug-17
1,9384,9290,30-Aug-17
1,9553,9457,31-Aug-17
1,11882,11764,04-Sep-17
1,11933,11815,05-Sep-17
1,11869,11751,06-Sep-17
1,11865,11747,07-Sep-17
1,11799,11681,08-Sep-17
1,11669,11553,11-Sep-17
1,11671,11555,12-Sep-17
1,11691,11575,13-Sep-17
1,11618,11502,14-Sep-17
1,11573,11457,15-Sep-17
1,11565,11449,18-Sep-17
1,11498,11384,19-Sep-17
1,11408,11294,20-Sep-17
1,11472,11358,22-Sep-17
1,11544,11430,25-Sep-17
1,11583,11467,26-Sep-17
1,11594,11478,27-Sep-17
1,11621,11505,28-Sep-17
1,11682,11566,29-Sep-17
1,8589,8503,02-Oct-17
1,9368,9274,03-Oct-17
1,9754,9656,04-Oct-17
1,9937,9839,05-Oct-17
1,10103,10003,06-Oct-17
1,11105,10995,09-Oct-17
1,9718,9622,10-Oct-17
1,9686,9590,11-Oct-17
1,9638,9542,12-Oct-17
1,9526,9432,13-Oct-17
1,9209,9117,16-Oct-17
1,9067,8977,17-Oct-17
1,9135,9045,18-Oct-17
1,8927,8839,19-Oct-17
1,8583,8497,20-Oct-17
1,9079,8989,23-Oct-17
1,9056,8966,24-Oct-17
1,8972,8882,25-Oct-17
1,9013,8923,26-Oct-17
1,9068,8978,27-Oct-17
1,9355,9261,30-Oct-17
1,9472,9378,31-Oct-17
1,9767,9669,01-Nov-17
1,8614,8528,02-Nov-17
1,9311,9219,03-Nov-17
1,10490,10386,06-Nov-17
1,10708,10602,07-Nov-17
1,12125,12005,08-Nov-17
1,11249,11137,09-Nov-17
1,9688,9592,10-Nov-17
1,9537,9443,13-Nov-17
1,9527,9433,14-Nov-17
1,9266,9174,15-Nov-17
1,9214,9122,16-Nov-17
1,8955,8865,17-Nov-17
1,8581,8495,20-Nov-17
1,8627,8541,21-Nov-17
1,8719,8633,22-Nov-17
1,8962,8872,23-Nov-17
1,9095,9005,24-Nov-17
1,8977,8887,27-Nov-17
1,9181,9089,28-Nov-17
1,9057,8967,29-Nov-17
1,9196,9104,30-Nov-17
1,9733,9637,04-Dec-17
1,10201,10099,05-Dec-17
1,10271,10169,06-Dec-17
1,10339,10237,07-Dec-17
1,11588,11472,08-Dec-17
1,9697,9601,11-Dec-17
1,9653,9557,12-Dec-17
1,9641,9545,13-Dec-17
1,9527,9433,14-Dec-17
1,9472,9378,15-Dec-17
1,9256,9164,18-Dec-17
1,9080,8990,19-Dec-17
1,8525,8441,20-Dec-17
1,8578,8492,21-Dec-17
1,8671,8585,22-Dec-17
1,9035,8945,27-Dec-17
1,9115,9025,28-Dec-17
1,9214,9122,29-Dec-17
1,9392,9298,30-Dec-17
1,11585,11469,02-Jan-18
1,11569,11453,03-Jan-18
1,11569,11453,04-Jan-18
1,11595,11479,05-Jan-18
1,11590,11474,08-Jan-18
1,11647,11531,09-Jan-18
1,11626,11510,10-Jan-18
1,11659,11543,11-Jan-18
1,11666,11550,12-Jan-18
1,11648,11532,15-Jan-18
1,11543,11429,16-Jan-18
1,11487,11373,17-Jan-18
1,11475,11361,18-Jan-18
1,11495,11381,19-Jan-18
1,11491,11377,22-Jan-18
1,11501,11387,23-Jan-18
1,11507,11393,24-Jan-18
1,11399,11285,25-Jan-18
1,11366,11252,26-Jan-18
1,11338,11226,29-Jan-18
1,11367,11253,30-Jan-18
1,11367,11253,31-Jan-18
1,11360,11246,01-Feb-18
1,11327,11215,02-Feb-18
1,11461,11347,05-Feb-18
1,11495,11381,06-Feb-18
1,11465,11351,07-Feb-18
1,11414,11300,08-Feb-18
1,11441,11327,09-Feb-18
1,11488,11374,12-Feb-18
1,11464,11350,13-Feb-18
1,11370,11256,14-Feb-18
1,11338,11226,15-Feb-18
1,11328,11216,19-Feb-18
1,11478,11364,20-Feb-18
1,11444,11330,21-Feb-18
1,11489,11375,22-Feb-18
1,11441,11327,23-Feb-18
1,11506,11392,26-Feb-18
1,11452,11338,27-Feb-18
1,11612,11496,28-Feb-18
1,11638,11522,01-Mar-18
1,11705,11589,02-Mar-18
1,11654,11538,05-Mar-18
1,11692,11576,06-Mar-18
1,11733,11617,07-Mar-18
1,11727,11611,08-Mar-18
1,11678,11562,09-Mar-18
1,11787,11669,12-Mar-18
1,11851,11733,13-Mar-18
1,11831,11713,14-Mar-18
1,11909,11791,15-Mar-18
1,11885,11767,16-Mar-18
1,11775,11657,19-Mar-18
1,11945,11827,20-Mar-18
1,12133,12013,21-Mar-18
1,12176,12054,22-Mar-18
1,12235,12113,23-Mar-18
1,12227,12105,26-Mar-18
1,12237,12115,27-Mar-18
1,12220,12098,28-Mar-18
1,12233,12111,29-Mar-18
1,12309,12187,02-Apr-18
1,12312,12190,03-Apr-18
1,12287,12165,04-Apr-18
1,12215,12093,05-Apr-18
1,12328,12206,06-Apr-18
1,12259,12137,09-Apr-18
1,12238,12116,10-Apr-18
1,12234,12112,11-Apr-18
1,12210,12088,12-Apr-18
1,12183,12061,13-Apr-18
1,12171,12049,16-Apr-18
1,12188,12066,17-Apr-18
1,12178,12056,18-Apr-18
1,12137,12017,19-Apr-18
1,12107,11987,20-Apr-18
1,12258,12136,23-Apr-18
1,12324,12202,24-Apr-18
1,12290,12168,25-Apr-18
1,12323,12201,26-Apr-18
1,12291,12169,27-Apr-18
1,12287,12165,30-Apr-18
1,8919,8831,02-May-18
1,9166,9074,03-May-18
1,9407,9313,04-May-18
1,10464,10360,07-May-18
1,12039,11919,08-May-18
1,11408,11294,09-May-18
1,9673,9577,11-May-18
1,9412,9318,14-May-18
1,9326,9234,15-May-18
1,9234,9142,16-May-18
1,9080,8990,17-May-18
1,9171,9079,18-May-18
1,8549,8463,21-May-18
1,8715,8629,22-May-18
1,8917,8829,23-May-18
1,9021,8931,24-May-18
1,8968,8878,25-May-18
1,9078,8988,28-May-18
1,9387,9293,30-May-18
1,9527,9433,31-May-18
1,12303,12181,04-Jun-18
1,12250,12128,05-Jun-18
1,12331,12209,06-Jun-18
1,12321,12199,07-Jun-18
1,12276,12154,08-Jun-18
1,12307,12185,19-Jun-18
1,12306,12184,20-Jun-18
1,12252,12130,21-Jun-18
1,12212,12090,22-Jun-18
1,12165,12043,25-Jun-18
1,12166,12044,26-Jun-18
1,12141,12021,27-Jun-18
1,12085,11965,28-Jun-18
1,12065,11945,29-Jun-18
1,12045,11925,02-Jul-18
1,12016,11896,03-Jul-18
1,12020,11900,04-Jul-18
1,12078,11958,05-Jul-18
1,12020,11900,06-Jul-18
1,11889,11771,09-Jul-18
1,12006,11886,10-Jul-18
1,12037,11917,11-Jul-18
1,11990,11870,12-Jul-18
1,11872,11754,13-Jul-18
1,11824,11706,16-Jul-18
1,11781,11663,17-Jul-18
1,11765,11647,18-Jul-18
1,11776,11658,19-Jul-18
1,11689,11573,20-Jul-18
1,11667,11551,23-Jul-18
1,11685,11569,24-Jul-18
1,11619,11503,25-Jul-18
1,11604,11488,26-Jul-18
1,11702,11586,27-Jul-18
1,11636,11520,30-Jul-18
1,11543,11429,31-Jul-18
1,9740,9644,01-Aug-18
1,8990,8900,02-Aug-18
1,9109,9019,03-Aug-18
1,10045,9945,06-Aug-18
1,10281,10179,07-Aug-18
1,11181,11069,08-Aug-18
1,11930,11812,09-Aug-18
1,9752,9654,10-Aug-18
1,9497,9403,13-Aug-18
1,9535,9441,14-Aug-18
1,9512,9418,15-Aug-18
1,9223,9131,16-Aug-18
1,8584,8498,20-Aug-18
1,8645,8559,21-Aug-18
1,8815,8727,23-Aug-18
1,9110,9020,24-Aug-18
1,9034,8944,27-Aug-18
1,9121,9031,28-Aug-18
1,9226,9134,29-Aug-18
1,9387,9293,30-Aug-18
1,9545,9451,31-Aug-18
1,11461,11347,03-Sep-18
1,11446,11332,04-Sep-18
1,11471,11357,05-Sep-18
1,11446,11332,06-Sep-18
1,11411,11297,07-Sep-18
1,11290,11178,10-Sep-18
1,11217,11105,12-Sep-18
1,11131,11021,13-Sep-18
1,11073,10963,14-Sep-18
1,11198,11086,17-Sep-18
1,11324,11212,18-Sep-18
1,11314,11202,19-Sep-18
1,11398,11284,20-Sep-18
1,11410,11296,21-Sep-18
1,11365,11251,24-Sep-18
1,11408,11294,25-Sep-18
1,11373,11259,26-Sep-18
1,11532,11418,27-Sep-18
1,11600,11484,28-Sep-18
1,9754,9656,01-Oct-18
1,8587,8501,02-Oct-18
1,9365,9271,03-Oct-18
1,9769,9671,04-Oct-18
1,9899,9801,05-Oct-18
1,11998,11878,08-Oct-18
1,11005,10895,09-Oct-18
1,9708,9612,10-Oct-18
1,9687,9591,11-Oct-18
1,9628,9532,12-Oct-18
1,9236,9144,15-Oct-18
1,9236,9144,16-Oct-18
1,9045,8955,17-Oct-18
1,9130,9040,18-Oct-18
1,8912,8824,19-Oct-18
1,8765,8677,22-Oct-18
1,9077,8987,23-Oct-18
1,9064,8974,24-Oct-18
1,8966,8876,25-Oct-18
1,9024,8934,26-Oct-18
1,9073,8983,29-Oct-18
1,9377,9283,30-Oct-18
1,9452,9358,31-Oct-18
1,9749,9651,01-Nov-18
1,8614,8528,02-Nov-18
1,9980,9880,05-Nov-18
1,10427,10323,06-Nov-18
1,10767,10659,07-Nov-18
1,12085,11965,08-Nov-18
1,11224,11112,09-Nov-18
1,9638,9542,12-Nov-18
1,9527,9433,13-Nov-18
1,9520,9426,14-Nov-18
1,9271,9179,15-Nov-18
1,9224,9132,16-Nov-18
1,9020,8930,19-Nov-18
1,8611,8525,21-Nov-18
1,8742,8656,22-Nov-18
1,8962,8872,23-Nov-18
1,8988,8898,26-Nov-18
1,8987,8897,27-Nov-18
1,9213,9121,28-Nov-18
1,9067,8977,29-Nov-18
1,9226,9134,30-Nov-18
1,9135,9045,03-Dec-18
1,9643,9547,04-Dec-18
1,10206,10104,05-Dec-18
1,10241,10139,06-Dec-18
1,10316,10214,07-Dec-18
1,9682,9586,10-Dec-18
1,9691,9595,11-Dec-18
1,9653,9557,12-Dec-18
1,9640,9544,13-Dec-18
1,9509,9415,14-Dec-18
1,9156,9064,17-Dec-18
1,9246,9154,18-Dec-18
1,9080,8990,19-Dec-18
1,8529,8445,20-Dec-18
1,8581,8495,21-Dec-18
1,8974,8884,26-Dec-18
1,9029,8939,27-Dec-18
1,9119,9029,28-Dec-18
1,9517,9423,31-Dec-18
1,11598,11482,02-Jan-19
1,11596,11480,03-Jan-19
1,11590,11474,04-Jan-19
1,11614,11498,07-Jan-19
1,11593,11477,08-Jan-19
1,11626,11510,09-Jan-19
1,11651,11535,10-Jan-19
1,11671,11555,11-Jan-19
1,11590,11474,14-Jan-19
1,11631,11515,15-Jan-19
1,11627,11511,16-Jan-19
1,11593,11477,17-Jan-19
1,11492,11378,18-Jan-19
1,11409,11295,21-Jan-19
1,11334,11222,22-Jan-19
1,11549,11435,23-Jan-19
1,11508,11394,24-Jan-19
1,11480,11366,25-Jan-19
1,11452,11338,28-Jan-19
1,11551,11437,29-Jan-19
1,11495,11381,30-Jan-19
1,11236,11124,31-Jan-19
1,11244,11132,01-Feb-19
1,11256,11144,04-Feb-19
1,11181,11069,06-Feb-19
1,11148,11038,07-Feb-19
1,11038,10928,08-Feb-19
1,10977,10867,11-Feb-19
1,10979,10869,12-Feb-19
1,10991,10881,13-Feb-19
1,11005,10895,14-Feb-19
1,10937,10829,15-Feb-19
1,10895,10787,18-Feb-19
1,10902,10794,19-Feb-19
1,10849,10741,20-Feb-19
1,10777,10669,21-Feb-19
1,10557,10451,22-Feb-19
1,10503,10399,25-Feb-19
1,10444,10340,26-Feb-19
1,10370,10266,27-Feb-19
1,10348,10246,28-Feb-19
1,10343,10241,01-Mar-19
1,10338,10236,04-Mar-19
1,10339,10237,05-Mar-19
1,10339,10237,06-Mar-19
1,10339,10237,08-Mar-19
1,10329,10227,11-Mar-19
1,10328,10226,12-Mar-19
1,10321,10219,13-Mar-19
1,10316,10214,14-Mar-19
1,10314,10212,15-Mar-19
1,10313,10211,18-Mar-19
1,10273,10171,19-Mar-19
1,10118,10018,20-Mar-19
1,10120,10020,21-Mar-19
1,10109,10009,22-Mar-19
1,10090,9990,25-Mar-19
1,10086,9986,26-Mar-19
1,10074,9974,27-Mar-19
1,10030,9930,28-Mar-19
1,10029,9929,29-Mar-19
1,10020,9920,01-Apr-19
1,10010,9910,02-Apr-19
1,10010,9910,04-Apr-19
1,9995,9895,05-Apr-19
1,9995,9895,08-Apr-19
1,9991,9891,09-Apr-19
1,9990,9890,10-Apr-19
1,9984,9884,11-Apr-19
1,9979,9879,12-Apr-19
1,9987,9887,15-Apr-19
1,9989,9889,16-Apr-19
1,9998,9898,18-Apr-19
1,9981,9881,22-Apr-19
1,10010,9910,23-Apr-19
1,9977,9877,24-Apr-19
1,9960,9860,25-Apr-19
1,9968,9868,26-Apr-19
1,9930,9832,29-Apr-19
1,9935,9837,30-Apr-19
1,9025,8935,02-May-19
1,9195,9103,03-May-19
1,10306,10204,06-May-19
1,10360,10256,07-May-19
1,12018,11898,08-May-19
1,11331,11219,09-May-19
1,9749,9651,10-May-19
1,9583,9487,13-May-19
1,9475,9381,14-May-19
1,9311,9219,15-May-19
1,9226,9134,16-May-19
1,9073,8983,17-May-19
1,8570,8484,20-May-19
1,8580,8494,21-May-19
1,8709,8623,22-May-19
1,8889,8801,23-May-19
1,9021,8931,24-May-19
1,9033,8943,27-May-19
1,9085,8995,28-May-19
1,9166,9074,29-May-19
1,9460,9366,31-May-19
1,9936,9838,10-Jun-19
1,9905,9807,11-Jun-19
1,9870,9772,12-Jun-19
1,9855,9757,13-Jun-19
1,9839,9741,14-Jun-19
1,9856,9758,17-Jun-19
1,9854,9756,18-Jun-19
1,9860,9762,19-Jun-19
1,9851,9753,20-Jun-19
1,9860,9762,21-Jun-19
1,9859,9761,24-Jun-19
1,9859,9761,25-Jun-19
1,9841,9743,26-Jun-19
1,9821,9723,27-Jun-19
1,9823,9725,28-Jun-19
1,9814,9716,01-Jul-19
1,9814,9716,02-Jul-19
1,9809,9711,03-Jul-19
1,9812,9714,04-Jul-19
1,9799,9701,05-Jul-19
1,9797,9699,08-Jul-19
1,9784,9686,09-Jul-19
1,9789,9691,10-Jul-19
1,9787,9689,11-Jul-19
1,9783,9685,12-Jul-19
1,9790,9692,15-Jul-19
1,9781,9683,16-Jul-19
1,9789,9691,17-Jul-19
1,9777,9679,18-Jul-19
1,9779,9681,19-Jul-19
1,9771,9673,22-Jul-19
1,9770,9672,23-Jul-19
1,9770,9672,24-Jul-19
1,9765,9667,25-Jul-19
1,9776,9678,26-Jul-19
1,9777,9679,29-Jul-19
1,9762,9664,30-Jul-19
1,9758,9660,31-Jul-19
1,9792,9694,01-Aug-19
1,8985,8895,02-Aug-19
1,9970,9870,05-Aug-19
1,10113,10013,06-Aug-19
1,10301,10199,07-Aug-19
1,11437,11323,08-Aug-19
1,11844,11726,09-Aug-19
